image_id,category,street_name,captured_at,sequence_id,local_image_path,model,prompt_version,vlm_source,status,observation,confidence,confidence_is_uncalibrated,reviewer2_label,reviewer2_note
2653450758168746,cycling_infrastructure,Rothenburger Straße,2024-02-19T14:48:51.814000+00:00,yzPam92AYDpWRwk6viuSV1,data/raw/mapillary/images/2653450758168746.jpg,nvidia/nemotron-3-nano-omni-30b-a3b-reasoning,b1-prompt-v2,recovered_v2,visible,A red-painted section of the road with a white bicycle symbol indicates a cycle lane.,0.94,True,,
524573645227846,cycling_infrastructure,Kamenzer Straße,2018-01-24T00:03:21+00:00,z6nlzpb94njmqzi1hguav7,data/raw/mapillary/images/524573645227846.jpg,nvidia/nemotron-3-nano-omni-30b-a3b-reasoning,b1-prompt-v2,recovered_v2,not_visible,No dedicated cycling infrastructure such as cycle lanes or tracks is visible.,0.97,True,,
748701757218369,cycling_infrastructure,,2024-02-19T16:29:01.808000+00:00,sQvK8cz0Wxf7VqkICBdOD2,data/raw/mapillary/images/748701757218369.jpg,nvidia/nemotron-3-nano-omni-30b-a3b-reasoning,b1-prompt-v2,recovered_v2,visible,Bicycle racks are visible on the sidewalk near the building frontage on the right.,0.94,True,,
1391393364587653,cycling_infrastructure,Jordanstraße,2017-10-27T09:46:40.567000+00:00,10-ek7zZyxDqVLwgmA61Gw,data/raw/mapillary/images/1391393364587653.jpg,nvidia/nemotron-3-nano-omni-30b-a3b-reasoning,b1-prompt-v2,recovered_v2,not_visible,"No dedicated cycle lane, track, or bicycle markings are visible.",0.99,True,,
2653450758168746,street_furniture,Rothenburger Straße,2024-02-19T14:48:51.814000+00:00,yzPam92AYDpWRwk6viuSV1,data/raw/mapillary/images/2653450758168746.jpg,nvidia/nemotron-3-nano-omni-30b-a3b-reasoning,b1-prompt-v2,recovered_v2,visible,A traffic light pole with a pedestrian signal is visible on the sidewalk corner.,0.96,True,,
1391393364587653,street_furniture,Jordanstraße,2017-10-27T09:46:40.567000+00:00,10-ek7zZyxDqVLwgmA61Gw,data/raw/mapillary/images/1391393364587653.jpg,nvidia/nemotron-3-nano-omni-30b-a3b-reasoning,b1-prompt-v2,recovered_v2,not_visible,"No benches, bins, bicycle racks, or other public-space objects are visible.",0.99,True,,
748701757218369,street_furniture,,2024-02-19T16:29:01.808000+00:00,sQvK8cz0Wxf7VqkICBdOD2,data/raw/mapillary/images/748701757218369.jpg,nvidia/nemotron-3-nano-omni-30b-a3b-reasoning,b1-prompt-v2,recovered_v2,visible,"Bicycle racks are present on the sidewalk, and a large yellow signpost is visible.",0.93,True,,
524573645227846,street_furniture,Kamenzer Straße,2018-01-24T00:03:21+00:00,z6nlzpb94njmqzi1hguav7,data/raw/mapillary/images/524573645227846.jpg,nvidia/nemotron-3-nano-omni-30b-a3b-reasoning,b1-prompt-v2,recovered_v2,not_visible,"No street furniture such as benches, bins, or bicycle racks is visible.",0.97,True,,
463348118303970,barriers,Glacisstraße,2019-08-16T13:14:32.305000+00:00,1e84bfygnyvv13hddx1ewf,data/raw/mapillary/images/463348118303970.jpg,nvidia/nemotron-3-nano-omni-30b-a3b-reasoning,b1-prompt-v2,recovered_v2,visible,"White and red striped barriers line the left side of the road, indicating construction.",0.95,True,,
748701757218369,barriers,,2024-02-19T16:29:01.808000+00:00,sQvK8cz0Wxf7VqkICBdOD2,data/raw/mapillary/images/748701757218369.jpg,nvidia/nemotron-3-nano-omni-30b-a3b-reasoning,b1-prompt-v2,recovered_v2,not_visible,No barriers are visible in the image.,0.99,True,,
1391393364587653,barriers,Jordanstraße,2017-10-27T09:46:40.567000+00:00,10-ek7zZyxDqVLwgmA61Gw,data/raw/mapillary/images/1391393364587653.jpg,nvidia/nemotron-3-nano-omni-30b-a3b-reasoning,b1-prompt-v2,recovered_v2,not_visible,"No guardrails, fences, barrier posts, or access barriers are visible.",0.99,True,,
932582530826779,barriers,Glacisstraße,2016-12-07T13:07:31.632000+00:00,gkfzjqesc2ov167t395jdg,data/raw/mapillary/images/932582530826779.jpg,nvidia/nemotron-3-nano-omni-30b-a3b-reasoning,b1-prompt-v2,recovered_v2,not_visible,No barriers are visible in this image.,0.9,True,,
463348118303970,curb,Glacisstraße,2019-08-16T13:14:32.305000+00:00,1e84bfygnyvv13hddx1ewf,data/raw/mapillary/images/463348118303970.jpg,nvidia/nemotron-3-nano-omni-30b-a3b-reasoning,b1-prompt-v2,recovered_v2,uncertain,The edge between the roadway and the construction area is unclear; curb status is uncertain.,0.6,True,,
932582530826779,curb,Glacisstraße,2016-12-07T13:07:31.632000+00:00,gkfzjqesc2ov167t395jdg,data/raw/mapillary/images/932582530826779.jpg,nvidia/nemotron-3-nano-omni-30b-a3b-reasoning,b1-prompt-v2,recovered_v2,visible,"Curb is visible along the edges of the roadway, separating it from the sidewalks.",0.9,True,,
748701757218369,curb,,2024-02-19T16:29:01.808000+00:00,sQvK8cz0Wxf7VqkICBdOD2,data/raw/mapillary/images/748701757218369.jpg,nvidia/nemotron-3-nano-omni-30b-a3b-reasoning,b1-prompt-v2,recovered_v2,visible,A raised curb separates the sidewalk from the roadway on the left side.,0.92,True,,
1391393364587653,curb,Jordanstraße,2017-10-27T09:46:40.567000+00:00,10-ek7zZyxDqVLwgmA61Gw,data/raw/mapillary/images/1391393364587653.jpg,nvidia/nemotron-3-nano-omni-30b-a3b-reasoning,b1-prompt-v2,recovered_v2,visible,A raised curb separates the cobblestone roadway from the sidewalk.,0.98,True,,
932582530826779,lighting,Glacisstraße,2016-12-07T13:07:31.632000+00:00,gkfzjqesc2ov167t395jdg,data/raw/mapillary/images/932582530826779.jpg,nvidia/nemotron-3-nano-omni-30b-a3b-reasoning,b1-prompt-v2,recovered_v2,visible,"Street lighting fixtures are visible, including a lamppost on the left and another on the right.",0.9,True,,
524573645227846,lighting,Kamenzer Straße,2018-01-24T00:03:21+00:00,z6nlzpb94njmqzi1hguav7,data/raw/mapillary/images/524573645227846.jpg,nvidia/nemotron-3-nano-omni-30b-a3b-reasoning,b1-prompt-v2,recovered_v2,not_visible,No physical street-lighting fixtures are visible in the image.,0.98,True,,
463348118303970,lighting,Glacisstraße,2019-08-16T13:14:32.305000+00:00,1e84bfygnyvv13hddx1ewf,data/raw/mapillary/images/463348118303970.jpg,nvidia/nemotron-3-nano-omni-30b-a3b-reasoning,b1-prompt-v2,recovered_v2,visible,A tall street lamp is visible on the right side of the image.,0.9,True,,
1391393364587653,lighting,Jordanstraße,2017-10-27T09:46:40.567000+00:00,10-ek7zZyxDqVLwgmA61Gw,data/raw/mapillary/images/1391393364587653.jpg,nvidia/nemotron-3-nano-omni-30b-a3b-reasoning,b1-prompt-v2,recovered_v2,not_visible,No physical street-lighting fixtures are visible.,0.99,True,,
2653450758168746,public_transport,Rothenburger Straße,2024-02-19T14:48:51.814000+00:00,yzPam92AYDpWRwk6viuSV1,data/raw/mapillary/images/2653450758168746.jpg,nvidia/nemotron-3-nano-omni-30b-a3b-reasoning,b1-prompt-v2,recovered_v2,visible,A yellow bus is visible in the distance on the road.,0.96,True,,
463348118303970,public_transport,Glacisstraße,2019-08-16T13:14:32.305000+00:00,1e84bfygnyvv13hddx1ewf,data/raw/mapillary/images/463348118303970.jpg,nvidia/nemotron-3-nano-omni-30b-a3b-reasoning,b1-prompt-v2,recovered_v2,not_visible,"No trams, buses, or rail vehicles are visible.",0.9,True,,
1391393364587653,public_transport,Jordanstraße,2017-10-27T09:46:40.567000+00:00,10-ek7zZyxDqVLwgmA61Gw,data/raw/mapillary/images/1391393364587653.jpg,nvidia/nemotron-3-nano-omni-30b-a3b-reasoning,b1-prompt-v2,recovered_v2,not_visible,"No trams, buses, tram tracks, stops, or platforms are visible.",0.99,True,,
932582530826779,public_transport,Glacisstraße,2016-12-07T13:07:31.632000+00:00,gkfzjqesc2ov167t395jdg,data/raw/mapillary/images/932582530826779.jpg,nvidia/nemotron-3-nano-omni-30b-a3b-reasoning,b1-prompt-v2,recovered_v2,not_visible,No public transport vehicles or infrastructure are visible in this image.,0.9,True,,
