image_id,street_name,street_osm_id,captured_at,sequence_id,local_image_path,vlm_source,observation_count,visible_count,not_visible_count,uncertain_count,sidewalk_status,roadway_status,curb_status,crossing_status,cycling_infrastructure_status,parking_status,trees_vegetation_status,street_furniture_status,lighting_status,signage_status,barriers_status,public_transport_status,building_frontage_status,pedestrians_status,cyclists_status,motor_vehicles_status
1514293340184582,Bautzner Straße,383734605,2026-06-07T07:15:55.580000+00:00,TCA0I2cYk89lLFaDwpemt1,data/raw/mapillary/images/1514293340184582.jpg,valid_v2,16,9,7,0,visible,visible,visible,not_visible,not_visible,visible,visible,visible,not_visible,not_visible,not_visible,visible,visible,not_visible,not_visible,visible
2302498470581445,Alaunstraße,1112487557,2026-05-08T18:03:09+00:00,YaOPgjKRlxrk5Bt7IhHo0E,data/raw/mapillary/images/2302498470581445.jpg,valid_v2,16,10,6,0,visible,visible,visible,not_visible,not_visible,visible,not_visible,visible,visible,visible,visible,not_visible,visible,not_visible,not_visible,visible
379860519858209,Julie-Salinger-Weg,1347340413,2018-03-30T17:46:35+00:00,pbvwucosz3rk76bv86gel7,data/raw/mapillary/images/379860519858209.jpg,valid_v2,16,7,9,0,visible,visible,visible,not_visible,not_visible,not_visible,not_visible,not_visible,not_visible,visible,not_visible,not_visible,visible,visible,visible,not_visible
2653450758168746,Rothenburger Straße,308489425,2024-02-19T14:48:51.814000+00:00,yzPam92AYDpWRwk6viuSV1,data/raw/mapillary/images/2653450758168746.jpg,recovered_v2,16,12,4,0,visible,visible,visible,visible,visible,not_visible,visible,visible,not_visible,visible,not_visible,visible,visible,visible,not_visible,visible
165972105432341,Martin-Luther-Straße,4442784,2017-01-23T07:52:46.505000+00:00,jos5tTSU9Xa14GKg4hAZ-Q,data/raw/mapillary/images/165972105432341.jpg,valid_v2,16,9,7,0,visible,visible,visible,not_visible,not_visible,visible,visible,not_visible,not_visible,visible,not_visible,not_visible,visible,visible,not_visible,visible
171189792068571,,,2022-08-10T15:42:08.355000+00:00,ilxAa4vqKMJZec3Ygw1khC,data/raw/mapillary/images/171189792068571.jpg,valid_v2,16,11,5,0,visible,visible,visible,not_visible,visible,visible,visible,visible,visible,visible,not_visible,not_visible,visible,not_visible,not_visible,visible
1186699255183832,Louisenstraße,916722634,2019-03-14T07:12:19.134000+00:00,JjmQz3wzQKS-JAOe0Xu7UA,data/raw/mapillary/images/1186699255183832.jpg,valid_v2,16,9,7,0,visible,visible,visible,not_visible,not_visible,visible,not_visible,visible,not_visible,visible,not_visible,not_visible,visible,visible,not_visible,visible
3071421596475336,Glacisstraße,4428816,2016-01-28T12:47:39.968000+00:00,4tK2_Ob3VYGGFedD6LPCqg,data/raw/mapillary/images/3071421596475336.jpg,no_valid_v2,0,0,0,0,,,,,,,,,,,,,,,,
507858413580024,Böhmische Straße,1155050287,2018-01-24T02:23:13+00:00,xqd0z6s8qhavo6hh0uld7g,data/raw/mapillary/images/507858413580024.jpg,valid_v2,16,8,8,0,visible,visible,visible,not_visible,not_visible,visible,visible,not_visible,not_visible,not_visible,not_visible,not_visible,visible,visible,not_visible,visible
748701757218369,,369367302,2024-02-19T16:29:01.808000+00:00,sQvK8cz0Wxf7VqkICBdOD2,data/raw/mapillary/images/748701757218369.jpg,recovered_v2,16,10,6,0,visible,visible,visible,not_visible,visible,not_visible,visible,visible,not_visible,visible,not_visible,not_visible,visible,visible,not_visible,visible
386064122572974,Albertpassage,761313003,2017-10-27T09:43:56.609000+00:00,10-ek7zZyxDqVLwgmA61Gw,data/raw/mapillary/images/386064122572974.jpg,no_valid_v2,0,0,0,0,,,,,,,,,,,,,,,,
524573645227846,Kamenzer Straße,9100020,2018-01-24T00:03:21+00:00,z6nlzpb94njmqzi1hguav7,data/raw/mapillary/images/524573645227846.jpg,recovered_v2,16,7,9,0,visible,visible,visible,not_visible,not_visible,visible,not_visible,not_visible,not_visible,not_visible,not_visible,not_visible,visible,not_visible,visible,visible
455292955554930,Bautzner Straße,383734605,2015-11-05T14:05:42.999000+00:00,8U6wifDui3bXQuy7oi_3Fg,data/raw/mapillary/images/455292955554930.jpg,valid_v2,16,10,6,0,visible,visible,visible,not_visible,not_visible,visible,visible,visible,visible,not_visible,not_visible,visible,visible,not_visible,not_visible,visible
903820930163841,Alaunstraße,1112487557,2014-06-17T20:24:55+00:00,jLCS7_laqwOtPvjC72tduw,data/raw/mapillary/images/903820930163841.jpg,valid_v2,16,8,8,0,visible,visible,visible,not_visible,not_visible,visible,visible,not_visible,not_visible,visible,not_visible,not_visible,visible,not_visible,not_visible,visible
463028594984560,Rothenburger Straße,308489425,2014-09-23T15:35:35+00:00,MURPhSdwtt1nKHJL2XkyEA,data/raw/mapillary/images/463028594984560.jpg,valid_v2,16,9,7,0,visible,visible,visible,not_visible,not_visible,not_visible,not_visible,visible,not_visible,visible,not_visible,not_visible,visible,visible,visible,visible
463348118303970,Glacisstraße,4428816,2019-08-16T13:14:32.305000+00:00,1e84bfygnyvv13hddx1ewf,data/raw/mapillary/images/463348118303970.jpg,recovered_v2,16,9,6,1,not_visible,visible,uncertain,not_visible,not_visible,not_visible,visible,visible,visible,visible,visible,not_visible,visible,not_visible,visible,visible
953328392144380,Julie-Salinger-Weg,1155202831,2017-08-27T17:22:15+00:00,b9jlf4kyd0k9cx94389i7t,data/raw/mapillary/images/953328392144380.jpg,valid_v2,16,8,8,0,visible,visible,visible,not_visible,visible,visible,visible,visible,not_visible,not_visible,not_visible,not_visible,visible,not_visible,not_visible,not_visible
1310989124568536,Louisenstraße,916722634,2026-05-20T17:12:43.209000+00:00,8oCvQHpSiz5TYDmhLGAuef,data/raw/mapillary/images/1310989124568536.jpg,valid_v2,16,12,4,0,visible,visible,visible,not_visible,visible,visible,visible,visible,not_visible,visible,visible,not_visible,visible,visible,not_visible,visible
2692011060961999,Kamenzer Straße,794569965,2024-02-19T15:41:22.102000+00:00,Ec64U0vCgXiVx2n3AQrzO8,data/raw/mapillary/images/2692011060961999.jpg,valid_v2,16,11,5,0,visible,visible,visible,not_visible,not_visible,visible,visible,visible,not_visible,visible,visible,not_visible,visible,visible,not_visible,visible
1391393364587653,Jordanstraße,27177637,2017-10-27T09:46:40.567000+00:00,10-ek7zZyxDqVLwgmA61Gw,data/raw/mapillary/images/1391393364587653.jpg,recovered_v2,16,8,8,0,visible,visible,visible,not_visible,not_visible,visible,visible,not_visible,not_visible,not_visible,not_visible,not_visible,visible,visible,not_visible,visible
460745525028316,Martin-Luther-Straße,4442784,2018-04-07T19:20:03+00:00,tp9rihzskdk248s8kj1ww5,data/raw/mapillary/images/460745525028316.jpg,valid_v2,16,8,8,0,visible,visible,visible,not_visible,not_visible,not_visible,visible,visible,not_visible,not_visible,visible,not_visible,visible,visible,not_visible,not_visible
399936865459221,,,2022-08-10T15:41:58.672000+00:00,ilxAa4vqKMJZec3Ygw1khC,data/raw/mapillary/images/399936865459221.jpg,valid_v2,16,8,8,0,visible,not_visible,visible,not_visible,not_visible,not_visible,visible,visible,not_visible,visible,visible,not_visible,visible,visible,not_visible,not_visible
1616802312752146,Böhmische Straße,4442782,2026-05-08T18:04:57+00:00,YaOPgjKRlxrk5Bt7IhHo0E,data/raw/mapillary/images/1616802312752146.jpg,valid_v2,16,9,7,0,visible,visible,visible,not_visible,not_visible,not_visible,not_visible,visible,not_visible,visible,visible,not_visible,visible,visible,not_visible,visible
709179964757083,,369367302,2024-02-19T16:29:15.901000+00:00,sQvK8cz0Wxf7VqkICBdOD2,data/raw/mapillary/images/709179964757083.jpg,valid_v2,16,11,5,0,visible,visible,visible,not_visible,visible,not_visible,visible,visible,not_visible,visible,not_visible,not_visible,visible,visible,visible,visible
478782403204273,Bautzner Straße,383734607,2016-01-28T14:13:33.708000+00:00,VDiGwNco0xJJv0eKAJc-4A,data/raw/mapillary/images/478782403204273.jpg,valid_v2,16,11,5,0,visible,visible,visible,not_visible,not_visible,visible,visible,visible,visible,visible,visible,not_visible,visible,not_visible,not_visible,visible
510142960122831,Alaunstraße,1112487543,2015-01-03T10:47:17+00:00,CyKpuLYHHQKp590R7Jg2xg,data/raw/mapillary/images/510142960122831.jpg,no_valid_v2,0,0,0,0,,,,,,,,,,,,,,,,
508680623658739,Rothenburger Straße,308489425,2019-07-16T18:01:44.069000+00:00,2usug2qkb9gfqwetmehyd3,data/raw/mapillary/images/508680623658739.jpg,valid_v2,16,9,7,0,visible,visible,visible,not_visible,not_visible,visible,not_visible,visible,not_visible,visible,not_visible,visible,visible,not_visible,not_visible,visible
932582530826779,Glacisstraße,4428816,2016-12-07T13:07:31.632000+00:00,gkfzjqesc2ov167t395jdg,data/raw/mapillary/images/932582530826779.jpg,recovered_v2,16,11,5,0,visible,visible,visible,not_visible,not_visible,visible,visible,visible,visible,visible,not_visible,not_visible,visible,visible,not_visible,visible
1172482813194388,Louisenstraße,916722633,2014-06-12T18:13:37+00:00,szwfpv8h4ca5hqrz3vlnno,data/raw/mapillary/images/1172482813194388.jpg,valid_v2,16,7,8,1,not_visible,visible,uncertain,not_visible,not_visible,visible,visible,not_visible,not_visible,visible,not_visible,not_visible,visible,not_visible,visible,visible
904858026737408,,585204095,2017-10-27T09:43:59.527000+00:00,10-ek7zZyxDqVLwgmA61Gw,data/raw/mapillary/images/904858026737408.jpg,valid_v2,16,13,3,0,visible,visible,visible,not_visible,visible,visible,visible,visible,not_visible,visible,not_visible,visible,visible,visible,visible,visible
