image_id,street,category,nvidia_status,nvidia_observation,groq_status,groq_observation,status_same,human_label,human_status_implied,resolution
904858026737408,way/585204095,sidewalk,visible,Wet cobblestone sidewalk on the right side of the street.,visible,Cobblestone sidewalks are visible on both the left and right sides of the street.,True,,,unresolved
904858026737408,way/585204095,roadway,visible,Wet asphalt roadway with tram tracks embedded in the surface.,visible,"An asphalt roadway runs through the center of the image, flanked by cobblestone areas.",True,,,unresolved
904858026737408,way/585204095,curb,visible,Cobblestone curb separating the roadway from the sidewalk on both sides.,visible,Raised stone curbs separate the asphalt roadway from the cobblestone sidewalks on both sides.,True,,,unresolved
904858026737408,way/585204095,crossing,not_visible,No marked or physically defined pedestrian/cycle crossing is visible.,not_visible,No marked pedestrian or cycle crossings are visible in the immediate foreground or middle ground.,True,,,unresolved
904858026737408,way/585204095,cycling_infrastructure,visible,Bicycle rack located on the left sidewalk near the parked cars.,not_visible,"No dedicated cycle lanes, tracks, or specific bicycle road markings are visible on the street.",False,,,unresolved
904858026737408,way/585204095,parking,visible,Multiple cars are parked along the left curb.,visible,"Multiple vehicles, including a red car and a yellow van, are parked along the left curb.",True,,,unresolved
904858026737408,way/585204095,trees_vegetation,visible,Tree branches with green leaves are visible in the top-left corner.,visible,Green tree branches and leaves are visible in the upper left corner of the frame.,True,,,unresolved
904858026737408,way/585204095,street_furniture,visible,A chalkboard sign for 'Treiberegt' and a wooden bench are on the right sidewalk.,visible,"A wooden bench is situated on the right sidewalk, and a chalkboard sign stands nearby.",True,,,unresolved
904858026737408,way/585204095,lighting,not_visible,No physical street-lighting fixtures are visible in this view.,visible,A street lamp fixture is mounted on the facade of the building on the right side.,False,,,unresolved
904858026737408,way/585204095,signage,visible,A blue circular sign with a red border and a red diagonal line is on the left.,visible,"A red circular traffic sign is mounted on a pole on the left, and shop signs are visible.",True,,,unresolved
904858026737408,way/585204095,barriers,not_visible,"No guardrails, fences, barrier posts, or access barriers are visible.",not_visible,"No guardrails, fences, or physical barriers are visible in the street space.",True,,,unresolved
904858026737408,way/585204095,public_transport,visible,"Tram tracks run along the roadway, indicating public transport infrastructure.",not_visible,"No trams, buses, or public transport infrastructure are visible in the scene.",False,,,unresolved
904858026737408,way/585204095,building_frontage,visible,Multi-story buildings with ground-floor shops line both sides of the street.,visible,Multi-story buildings with ground-floor shops line both sides of the street.,True,,,unresolved
904858026737408,way/585204095,pedestrians,visible,A few pedestrians are visible in the distance near the yellow DHL truck.,not_visible,No pedestrians are clearly visible walking or standing in the street space.,False,,,unresolved
904858026737408,way/585204095,cyclists,visible,A person is pushing a bicycle on the left sidewalk.,not_visible,No people riding or pushing bicycles are visible in the scene.,False,,,unresolved
904858026737408,way/585204095,motor_vehicles,visible,"A red car, several other cars, a yellow DHL truck, and a red DPD van are visible.",visible,"A red car, a yellow van, and a red delivery van are visible on the street.",True,,,unresolved
478782403204273,Bautzner Straße,sidewalk,visible,"A paved sidewalk runs along the left side of the road, separated by a metal barrier.",visible,"A paved pedestrian walkway is visible on the right side, separated from the road by a curb.",True,,,unresolved
478782403204273,Bautzner Straße,roadway,visible,"The asphalt roadway is visible in the foreground and middle ground, with vehicles traveling on it.",visible,An asphalt road surface with white lane markings and directional arrows is clearly visible.,True,,,unresolved
478782403204273,Bautzner Straße,curb,visible,"A raised curb is visible along the left edge of the roadway, separating it from the sidewalk.",visible,A raised concrete curb separates the roadway from the sidewalk on the right side.,True,,,unresolved
478782403204273,Bautzner Straße,crossing,not_visible,No marked or physically defined pedestrian/cycle crossing is visible in this view.,not_visible,No marked pedestrian or cycle crossing is visible in the immediate foreground or middle ground.,True,,,unresolved
478782403204273,Bautzner Straße,cycling_infrastructure,not_visible,"No cycling infrastructure, such as cycle lanes or racks, is visible in this view.",not_visible,"No dedicated cycle lanes, tracks, or bicycle-specific road markings are visible.",True,,,unresolved
478782403204273,Bautzner Straße,parking,visible,"Vehicles are lined up along the right side of the road, indicating parking or stopped traffic.",visible,"A line of vehicles is parked along the right-hand curb, including a dark SUV and a yellow car.",True,,,unresolved
478782403204273,Bautzner Straße,trees_vegetation,visible,Bare deciduous trees and some evergreen trees are visible on the left side of the street.,visible,Leafless trees are visible on the left side of the street and in the background.,True,,,unresolved
478782403204273,Bautzner Straße,street_furniture,visible,Street light poles and traffic signal poles are visible along the roadway.,visible,A metal railing with translucent panels runs along the left side of the roadway.,True,,,unresolved
478782403204273,Bautzner Straße,lighting,visible,Street light fixtures are mounted on poles along the street.,visible,"Multiple street lamp posts are visible along the street, including one prominent curved arm.",True,,,unresolved
478782403204273,Bautzner Straße,signage,visible,A large yellow directional sign is visible on the right side of the road.,visible,A large yellow directional sign and a blue circular sign are visible on the right.,True,,,unresolved
478782403204273,Bautzner Straße,barriers,visible,"A metal guardrail runs along the left side of the roadway, separating it from the sidewalk.",visible,A continuous metal barrier with panels separates the road from the area on the left.,True,,,unresolved
478782403204273,Bautzner Straße,public_transport,not_visible,"No trams, buses, or tram tracks are visible in this view.",visible,"Overhead wires for trams or trolleybuses are visible, but no vehicles or stops are seen.",False,,,unresolved
478782403204273,Bautzner Straße,building_frontage,visible,"Multi-story buildings line the right side of the street, forming the building frontage.",visible,Multi-story buildings with windows line the right side of the street.,True,,,unresolved
478782403204273,Bautzner Straße,pedestrians,not_visible,No pedestrians are visible in this view.,not_visible,No pedestrians are clearly visible in the street space or on the sidewalks.,True,,,unresolved
478782403204273,Bautzner Straße,cyclists,not_visible,No cyclists are visible in this view.,not_visible,No cyclists are visible in the image.,True,,,unresolved
478782403204273,Bautzner Straße,motor_vehicles,visible,"Multiple cars are visible on the road, including a dark SUV in the foreground and others in traffic.",visible,"Several cars are visible, including a dark SUV in the foreground and a line of parked cars.",True,,,unresolved
399936865459221,way/None,sidewalk,visible,"Paved area with interlocking stones and grass growing between them, forming a pedestrian surface.",visible,A paved pedestrian area with a metal canopy structure is visible in the middle ground.,True,,,unresolved
399936865459221,way/None,roadway,not_visible,No roadway is visible in this view.,not_visible,No vehicle carriageway is visible; the foreground consists of a paved pedestrian plaza.,True,,,unresolved
399936865459221,way/None,curb,visible,A low stone curb separates the paved area from the grassy planting bed on the left.,visible,A low stone retaining wall acts as a raised edge on the left side of the plaza.,True,,,unresolved
399936865459221,way/None,crossing,not_visible,No marked or defined pedestrian crossing is visible.,not_visible,No marked or physically defined pedestrian or cycle crossing is visible.,True,,,unresolved
399936865459221,way/None,cycling_infrastructure,not_visible,No cycling infrastructure is visible.,not_visible,"No cycle lanes, tracks, or bicycle-specific markings are visible.",True,,,unresolved
399936865459221,way/None,parking,not_visible,No parking spaces or vehicles are visible.,not_visible,No marked parking spaces or parked vehicles are visible.,True,,,unresolved
399936865459221,way/None,trees_vegetation,visible,"A tree with green leaves is on the left, and grass and shrubs are in a planter bed.",visible,"A tree, shrubs, and grass growing in the paving gaps are visible on the left.",True,,,unresolved
399936865459221,way/None,street_furniture,visible,"A blue sign stand is present, and a wooden bench is on the right.",visible,A blue information sign is standing on the paved surface near the building entrance.,True,,,unresolved
399936865459221,way/None,lighting,not_visible,No street lighting fixtures are visible.,not_visible,No physical street-lighting fixtures or lamp posts are visible.,True,,,unresolved
399936865459221,way/None,signage,visible,A blue sign with a red smiley face and text is visible near the building entrance.,visible,A blue vertical sign with text and graphics is visible near the building entrance.,True,,,unresolved
399936865459221,way/None,barriers,visible,Metal railings and posts form barriers around the building entrance and along the walkway.,visible,Metal railings are visible along the building entrance and the canopy structure.,True,,,unresolved
399936865459221,way/None,public_transport,not_visible,No public transport vehicles or infrastructure are visible.,not_visible,"No trams, buses, or public transport infrastructure are visible.",True,,,unresolved
399936865459221,way/None,building_frontage,visible,A multi-story building with cream-colored facade and multiple windows lines the background.,visible,A multi-story building with windows and a ground-floor entrance faces the plaza.,True,,,unresolved
399936865459221,way/None,pedestrians,visible,A person is walking near the building entrance on the left side.,not_visible,No people walking or standing in the street space are visible.,False,,,unresolved
399936865459221,way/None,cyclists,not_visible,No cyclists are visible.,not_visible,No people riding or pushing bicycles are visible.,True,,,unresolved
399936865459221,way/None,motor_vehicles,not_visible,No motor vehicles are visible.,not_visible,"No cars, vans, or other motor vehicles are visible.",True,,,unresolved
709179964757083,way/369367302,sidewalk,visible,A paved pedestrian surface made of large grey rectangular tiles is visible in the foreground and middle ground.,visible,Wide paved pedestrian area with large grey slabs and a section of cobblestones.,True,,,unresolved
709179964757083,way/369367302,roadway,visible,A paved roadway with white lane markings is visible on the left side of the image.,visible,"Vehicle carriageway visible in the background on the left, separated from the pedestrian zone.",True,,,unresolved
709179964757083,way/369367302,curb,visible,A raised curb separates the sidewalk from the roadway on the left side.,visible,Raised edge separating the paved pedestrian area from the roadway in the background.,True,,,unresolved
709179964757083,way/369367302,crossing,not_visible,No marked or physically defined pedestrian or cycle crossing is visible.,not_visible,No marked pedestrian or cycle crossing is visible in the immediate foreground or middle ground.,True,,,unresolved
709179964757083,way/369367302,cycling_infrastructure,visible,"A bicycle rack is visible on the sidewalk, holding two bicycles.",visible,"Bicycle racks are present on the sidewalk, holding several parked bicycles.",True,,,unresolved
709179964757083,way/369367302,parking,not_visible,No marked parking spaces or vehicles clearly parked at the kerb are visible.,not_visible,No marked parking spaces or parked vehicles are visible in the immediate view.,True,,,unresolved
709179964757083,way/369367302,trees_vegetation,visible,Several leafless trees are visible along the sidewalk and in the background.,visible,"Multiple leafless trees line the pedestrian area, and planters with shrubs are visible.",True,,,unresolved
709179964757083,way/369367302,street_furniture,visible,A cylindrical advertising pillar and a bicycle rack are visible on the sidewalk.,visible,Large cylindrical advertising columns and planters are situated on the paved surface.,True,,,unresolved
709179964757083,way/369367302,lighting,not_visible,No physical street-lighting fixtures are clearly visible in the image.,visible,"Street lamp posts are visible in the background, and shop lights are illuminated.",False,,,unresolved
709179964757083,way/369367302,signage,visible,A cylindrical advertising pillar with text and images is visible on the sidewalk.,visible,Advertising posters are displayed on the cylindrical columns.,True,,,unresolved
709179964757083,way/369367302,barriers,not_visible,"No guardrails, fences, or barrier posts are visible.",not_visible,"No guardrails, fences, or access barriers are clearly visible in the scene.",True,,,unresolved
709179964757083,way/369367302,public_transport,not_visible,"No trams, buses, tram tracks, or stops are visible.",not_visible,"No trams, buses, or specific public transport infrastructure are visible.",True,,,unresolved
709179964757083,way/369367302,building_frontage,visible,A multi-story building with windows and ground-floor shops is visible on the right side.,visible,Multi-story building facades with ground-floor shops and awnings line the right side.,True,,,unresolved
709179964757083,way/369367302,pedestrians,visible,Two pedestrians are visible walking on the sidewalk in the middle ground.,visible,Several people are walking in the middle ground of the pedestrian area.,True,,,unresolved
709179964757083,way/369367302,cyclists,visible,No people are visible riding or pushing bicycles; bicycles are parked.,not_visible,No people riding or pushing bicycles are visible in the scene.,False,,,unresolved
709179964757083,way/369367302,motor_vehicles,visible,"A car is visible in the distance on the roadway, and a motorcycle is visible further back.",not_visible,"No cars, vans, or other motor vehicles are clearly visible in the foreground or middle ground.",False,,,unresolved
1172482813194388,Louisenstraße,sidewalk,not_visible,No sidewalk can be determined from this view.,visible,"Sidewalks are visible on both sides of the street, adjacent to the building frontages.",False,,,unresolved
1172482813194388,Louisenstraße,roadway,visible,The roadway is visible with vehicles traveling on it.,visible,"A paved roadway is visible in the center, occupied by moving and parked vehicles.",True,,,unresolved
1172482813194388,Louisenstraße,curb,uncertain,The curb is not clearly visible; its presence is uncertain.,visible,Raised curbs are visible separating the roadway from the sidewalks on both sides.,False,,,unresolved
1172482813194388,Louisenstraße,crossing,not_visible,No crossing is visible in this view.,not_visible,No marked pedestrian or cycle crossings are visible in the immediate foreground or middle ground.,True,,,unresolved
1172482813194388,Louisenstraße,cycling_infrastructure,not_visible,No cycling infrastructure is visible in this view.,not_visible,"No dedicated cycle lanes, tracks, or specific bicycle road markings are visible.",True,,,unresolved
1172482813194388,Louisenstraße,parking,visible,"A parking sign is visible, and vehicles are parked along the curb.",visible,"Vehicles are parked along the left and right curbs, and a parking sign is visible.",True,,,unresolved
1172482813194388,Louisenstraße,trees_vegetation,visible,A large green tree is visible on the left side of the street.,visible,"Large green trees are visible on the left side of the street, partially obscuring the buildings.",True,,,unresolved
1172482813194388,Louisenstraße,street_furniture,not_visible,No street furniture is visible in this view.,visible,"A metal structure, possibly a kiosk or utility box, is visible on the right sidewalk.",False,,,unresolved
1172482813194388,Louisenstraße,lighting,not_visible,No physical street lighting fixtures are visible in this view.,not_visible,No physical street-lighting fixtures or lamp posts are clearly visible in the frame.,True,,,unresolved
1172482813194388,Louisenstraße,signage,visible,A red circular sign and a blue parking sign are visible on the right side.,visible,"Multiple signs are visible, including a blue parking sign, a red circular sign, and a shop sign.",True,,,unresolved
1172482813194388,Louisenstraße,barriers,not_visible,No barriers are visible in this view.,not_visible,"No guardrails, fences, or barrier posts are visible in the street space.",True,,,unresolved
1172482813194388,Louisenstraße,public_transport,not_visible,No public transport vehicles or infrastructure are visible in this view.,not_visible,"No trams, buses, or public transport infrastructure are visible in the scene.",True,,,unresolved
1172482813194388,Louisenstraße,building_frontage,visible,Multiple building facades line both sides of the street.,visible,"Multi-story building facades line both sides of the street, featuring windows and ground-floor shops.",True,,,unresolved
1172482813194388,Louisenstraße,pedestrians,not_visible,No pedestrians are visible in this view.,not_visible,No pedestrians are clearly visible walking or standing in the street space.,True,,,unresolved
1172482813194388,Louisenstraße,cyclists,visible,A cyclist is visible in the middle of the roadway.,visible,A person wearing a high-visibility vest is riding a bicycle in the middle of the road.,True,,,unresolved
1172482813194388,Louisenstraße,motor_vehicles,visible,"Several motor vehicles, including vans and cars, are visible on the roadway.",visible,"Several motor vehicles, including a black van, a red truck, and a silver van, are visible.",True,,,unresolved
