image_id,category,groq_status,groq_observation,groq_confidence,manual_label,manual_note,nvidia_manual_label
904858026737408,sidewalk,visible,Cobblestone sidewalks are visible on both the left and right sides of the street.,0.95,,,
904858026737408,roadway,visible,"An asphalt roadway runs through the center of the image, flanked by cobblestone areas.",0.95,,,
904858026737408,curb,visible,Raised stone curbs separate the asphalt roadway from the cobblestone sidewalks on both sides.,0.9,,,
904858026737408,crossing,not_visible,No marked pedestrian or cycle crossings are visible in the immediate foreground or middle ground.,0.9,,,
904858026737408,cycling_infrastructure,not_visible,"No dedicated cycle lanes, tracks, or specific bicycle road markings are visible on the street.",0.9,,,
904858026737408,parking,visible,"Multiple vehicles, including a red car and a yellow van, are parked along the left curb.",0.95,,,
904858026737408,trees_vegetation,visible,Green tree branches and leaves are visible in the upper left corner of the frame.,0.9,,,
904858026737408,street_furniture,visible,"A wooden bench is situated on the right sidewalk, and a chalkboard sign stands nearby.",0.9,,,
904858026737408,lighting,visible,A street lamp fixture is mounted on the facade of the building on the right side.,0.85,,,
904858026737408,signage,visible,"A red circular traffic sign is mounted on a pole on the left, and shop signs are visible.",0.95,,,
904858026737408,barriers,not_visible,"No guardrails, fences, or physical barriers are visible in the street space.",0.9,,,
904858026737408,public_transport,not_visible,"No trams, buses, or public transport infrastructure are visible in the scene.",0.9,,,
904858026737408,building_frontage,visible,Multi-story buildings with ground-floor shops line both sides of the street.,0.95,,,
904858026737408,pedestrians,not_visible,No pedestrians are clearly visible walking or standing in the street space.,0.85,,,
904858026737408,cyclists,not_visible,No people riding or pushing bicycles are visible in the scene.,0.9,,,
904858026737408,motor_vehicles,visible,"A red car, a yellow van, and a red delivery van are visible on the street.",0.95,,,
478782403204273,sidewalk,visible,"A paved pedestrian walkway is visible on the right side, separated from the road by a curb.",0.9,,,
478782403204273,roadway,visible,An asphalt road surface with white lane markings and directional arrows is clearly visible.,1.0,,,
478782403204273,curb,visible,A raised concrete curb separates the roadway from the sidewalk on the right side.,0.9,,,
478782403204273,crossing,not_visible,No marked pedestrian or cycle crossing is visible in the immediate foreground or middle ground.,0.9,,,
478782403204273,cycling_infrastructure,not_visible,"No dedicated cycle lanes, tracks, or bicycle-specific road markings are visible.",0.9,,,
478782403204273,parking,visible,"A line of vehicles is parked along the right-hand curb, including a dark SUV and a yellow car.",0.9,,,
478782403204273,trees_vegetation,visible,Leafless trees are visible on the left side of the street and in the background.,1.0,,,
478782403204273,street_furniture,visible,A metal railing with translucent panels runs along the left side of the roadway.,0.8,,,
478782403204273,lighting,visible,"Multiple street lamp posts are visible along the street, including one prominent curved arm.",1.0,,,
478782403204273,signage,visible,A large yellow directional sign and a blue circular sign are visible on the right.,1.0,,,
478782403204273,barriers,visible,A continuous metal barrier with panels separates the road from the area on the left.,0.9,,,
478782403204273,public_transport,visible,"Overhead wires for trams or trolleybuses are visible, but no vehicles or stops are seen.",0.9,,,
478782403204273,building_frontage,visible,Multi-story buildings with windows line the right side of the street.,1.0,,,
478782403204273,pedestrians,not_visible,No pedestrians are clearly visible in the street space or on the sidewalks.,0.9,,,
478782403204273,cyclists,not_visible,No cyclists are visible in the image.,0.9,,,
478782403204273,motor_vehicles,visible,"Several cars are visible, including a dark SUV in the foreground and a line of parked cars.",1.0,,,
399936865459221,sidewalk,visible,A paved pedestrian area with a metal canopy structure is visible in the middle ground.,0.9,,,
399936865459221,roadway,not_visible,No vehicle carriageway is visible; the foreground consists of a paved pedestrian plaza.,0.9,,,
399936865459221,curb,visible,A low stone retaining wall acts as a raised edge on the left side of the plaza.,0.9,,,
399936865459221,crossing,not_visible,No marked or physically defined pedestrian or cycle crossing is visible.,0.9,,,
399936865459221,cycling_infrastructure,not_visible,"No cycle lanes, tracks, or bicycle-specific markings are visible.",0.9,,,
399936865459221,parking,not_visible,No marked parking spaces or parked vehicles are visible.,0.9,,,
399936865459221,trees_vegetation,visible,"A tree, shrubs, and grass growing in the paving gaps are visible on the left.",0.9,,,
399936865459221,street_furniture,visible,A blue information sign is standing on the paved surface near the building entrance.,0.9,,,
399936865459221,lighting,not_visible,No physical street-lighting fixtures or lamp posts are visible.,0.9,,,
399936865459221,signage,visible,A blue vertical sign with text and graphics is visible near the building entrance.,0.9,,,
399936865459221,barriers,visible,Metal railings are visible along the building entrance and the canopy structure.,0.9,,,
399936865459221,public_transport,not_visible,"No trams, buses, or public transport infrastructure are visible.",0.9,,,
399936865459221,building_frontage,visible,A multi-story building with windows and a ground-floor entrance faces the plaza.,0.9,,,
399936865459221,pedestrians,not_visible,No people walking or standing in the street space are visible.,0.9,,,
399936865459221,cyclists,not_visible,No people riding or pushing bicycles are visible.,0.9,,,
399936865459221,motor_vehicles,not_visible,"No cars, vans, or other motor vehicles are visible.",0.9,,,
709179964757083,sidewalk,visible,Wide paved pedestrian area with large grey slabs and a section of cobblestones.,0.95,,,
709179964757083,roadway,visible,"Vehicle carriageway visible in the background on the left, separated from the pedestrian zone.",0.9,,,
709179964757083,curb,visible,Raised edge separating the paved pedestrian area from the roadway in the background.,0.8,,,
709179964757083,crossing,not_visible,No marked pedestrian or cycle crossing is visible in the immediate foreground or middle ground.,0.8,,,
709179964757083,cycling_infrastructure,visible,"Bicycle racks are present on the sidewalk, holding several parked bicycles.",0.9,,,
709179964757083,parking,not_visible,No marked parking spaces or parked vehicles are visible in the immediate view.,0.8,,,
709179964757083,trees_vegetation,visible,"Multiple leafless trees line the pedestrian area, and planters with shrubs are visible.",0.95,,,
709179964757083,street_furniture,visible,Large cylindrical advertising columns and planters are situated on the paved surface.,0.9,,,
709179964757083,lighting,visible,"Street lamp posts are visible in the background, and shop lights are illuminated.",0.9,,,
709179964757083,signage,visible,Advertising posters are displayed on the cylindrical columns.,0.9,,,
709179964757083,barriers,not_visible,"No guardrails, fences, or access barriers are clearly visible in the scene.",0.8,,,
709179964757083,public_transport,not_visible,"No trams, buses, or specific public transport infrastructure are visible.",0.8,,,
709179964757083,building_frontage,visible,Multi-story building facades with ground-floor shops and awnings line the right side.,0.95,,,
709179964757083,pedestrians,visible,Several people are walking in the middle ground of the pedestrian area.,0.9,,,
709179964757083,cyclists,not_visible,No people riding or pushing bicycles are visible in the scene.,0.8,,,
709179964757083,motor_vehicles,not_visible,"No cars, vans, or other motor vehicles are clearly visible in the foreground or middle ground.",0.8,,,
1172482813194388,sidewalk,visible,"Sidewalks are visible on both sides of the street, adjacent to the building frontages.",0.9,,,
1172482813194388,roadway,visible,"A paved roadway is visible in the center, occupied by moving and parked vehicles.",0.95,,,
1172482813194388,curb,visible,Raised curbs are visible separating the roadway from the sidewalks on both sides.,0.85,,,
1172482813194388,crossing,not_visible,No marked pedestrian or cycle crossings are visible in the immediate foreground or middle ground.,0.9,,,
1172482813194388,cycling_infrastructure,not_visible,"No dedicated cycle lanes, tracks, or specific bicycle road markings are visible.",0.9,,,
1172482813194388,parking,visible,"Vehicles are parked along the left and right curbs, and a parking sign is visible.",0.95,,,
1172482813194388,trees_vegetation,visible,"Large green trees are visible on the left side of the street, partially obscuring the buildings.",0.95,,,
1172482813194388,street_furniture,visible,"A metal structure, possibly a kiosk or utility box, is visible on the right sidewalk.",0.8,,,
1172482813194388,lighting,not_visible,No physical street-lighting fixtures or lamp posts are clearly visible in the frame.,0.9,,,
1172482813194388,signage,visible,"Multiple signs are visible, including a blue parking sign, a red circular sign, and a shop sign.",0.95,,,
1172482813194388,barriers,not_visible,"No guardrails, fences, or barrier posts are visible in the street space.",0.9,,,
1172482813194388,public_transport,not_visible,"No trams, buses, or public transport infrastructure are visible in the scene.",0.9,,,
1172482813194388,building_frontage,visible,"Multi-story building facades line both sides of the street, featuring windows and ground-floor shops.",0.95,,,
1172482813194388,pedestrians,not_visible,No pedestrians are clearly visible walking or standing in the street space.,0.9,,,
1172482813194388,cyclists,visible,A person wearing a high-visibility vest is riding a bicycle in the middle of the road.,0.95,,,
1172482813194388,motor_vehicles,visible,"Several motor vehicles, including a black van, a red truck, and a silver van, are visible.",0.95,,,
